{
  "nominal": {
    "avg_cost": 53.804351806640625,
    "success_rate": 0.1875,
    "wall_success_rate": 0.236328125,
    "goal_success_rate": 0.7890625,
    "collision_rate": 0.763671875,
    "avg_abs_cross_error": 0.4670529365539551,
    "avg_terminal_dist": 0.13988958299160004,
    "avg_control_energy": 0.0,
    "avg_abs_reconstructed_w": 0.0011973859509453177,
    "loss_total": 53.804351806640625,
    "loss_goal_stage": 1.296659231185913,
    "loss_goal_term": 8.952933311462402,
    "loss_terminal_vel": 0.016426056623458862,
    "loss_wall_track": 7.323402404785156,
    "loss_wall_collision": 36.214935302734375,
    "loss_control": 0.0,
    "loss_corridor": 3.16991659587984e-08
  },
  "disturbance_only": {
    "avg_cost": 45.33643341064453,
    "success_rate": 0.2578125,
    "wall_success_rate": 0.2578125,
    "goal_success_rate": 1.0,
    "collision_rate": 0.7421875,
    "avg_abs_cross_error": 0.4504856467247009,
    "avg_terminal_dist": 0.014594024047255516,
    "avg_control_energy": 0.1248064860701561,
    "avg_abs_reconstructed_w": 0.004476045724004507,
    "loss_total": 45.33643341064453,
    "loss_goal_stage": 0.9274833798408508,
    "loss_goal_term": 0.934017539024353,
    "loss_terminal_vel": 0.0018015664536505938,
    "loss_wall_track": 7.089350700378418,
    "loss_wall_collision": 35.628700256347656,
    "loss_control": 0.7550792694091797,
    "loss_corridor": 1.3285595734657818e-08
  },
  "context": {
    "avg_cost": 12.210150718688965,
    "success_rate": 0.9375,
    "wall_success_rate": 1.0,
    "goal_success_rate": 0.9375,
    "collision_rate": 0.0,
    "avg_abs_cross_error": 0.05106592923402786,
    "avg_terminal_dist": 0.07599037885665894,
    "avg_control_energy": 0.32094720005989075,
    "avg_abs_reconstructed_w": 0.004476045724004507,
    "loss_total": 12.210150718688965,
    "loss_goal_stage": 2.496086835861206,
    "loss_goal_term": 4.863384246826172,
    "loss_terminal_vel": 0.705809473991394,
    "loss_wall_track": 0.24068120121955872,
    "loss_wall_collision": 1.962426781654358,
    "loss_control": 1.9417307376861572,
    "loss_corridor": 3.138161264359951e-05
  },
  "mp_only_context": {
    "avg_cost": 12.178177833557129,
    "success_rate": 0.9345703125,
    "wall_success_rate": 0.9619140625,
    "goal_success_rate": 0.970703125,
    "collision_rate": 0.0380859375,
    "avg_abs_cross_error": 0.07976825535297394,
    "avg_terminal_dist": 0.06463325768709183,
    "avg_control_energy": 0.33444032073020935,
    "avg_abs_reconstructed_w": 0.004476045724004507,
    "loss_total": 12.178177833557129,
    "loss_goal_stage": 2.337559700012207,
    "loss_goal_term": 4.136528491973877,
    "loss_terminal_vel": 0.14306920766830444,
    "loss_wall_track": 0.4479159116744995,
    "loss_wall_collision": 3.0897350311279297,
    "loss_control": 2.0233640670776367,
    "loss_corridor": 4.57194255432114e-06
  },
  "context_no_lift": {
    "avg_cost": 49.283546447753906,
    "success_rate": 0.2529296875,
    "wall_success_rate": 0.2529296875,
    "goal_success_rate": 1.0,
    "collision_rate": 0.7470703125,
    "avg_abs_cross_error": 0.4541369676589966,
    "avg_terminal_dist": 0.07979065179824829,
    "avg_control_energy": 0.15008944272994995,
    "avg_abs_reconstructed_w": 0.004476045724004507,
    "loss_total": 49.283546447753906,
    "loss_goal_stage": 0.8180854916572571,
    "loss_goal_term": 5.106601715087891,
    "loss_terminal_vel": 0.004720753990113735,
    "loss_wall_track": 7.037692070007324,
    "loss_wall_collision": 35.408409118652344,
    "loss_control": 0.9080411195755005,
    "loss_corridor": 1.241584701716647e-08
  }
}