{
  "nominal": {
    "avg_cost": 53.804351806640625,
    "success_rate": 0.1875,
    "wall_success_rate": 0.236328125,
    "goal_success_rate": 0.7890625,
    "collision_rate": 0.763671875,
    "avg_abs_cross_error": 0.4670529365539551,
    "avg_terminal_dist": 0.13988956809043884,
    "avg_control_energy": 0.0,
    "avg_abs_reconstructed_w": 0.001197385834529996,
    "loss_total": 53.804351806640625,
    "loss_goal_stage": 1.2966591119766235,
    "loss_goal_term": 8.952932357788086,
    "loss_terminal_vel": 0.016426056623458862,
    "loss_wall_track": 7.323403358459473,
    "loss_wall_collision": 36.21493148803711,
    "loss_control": 0.0,
    "loss_corridor": 3.16991659587984e-08
  },
  "disturbance_only": {
    "avg_cost": 44.97447967529297,
    "success_rate": 0.2490234375,
    "wall_success_rate": 0.2490234375,
    "goal_success_rate": 1.0,
    "collision_rate": 0.7509765625,
    "avg_abs_cross_error": 0.4528253972530365,
    "avg_terminal_dist": 0.01327037438750267,
    "avg_control_energy": 0.11431249231100082,
    "avg_abs_reconstructed_w": 0.00447604525834322,
    "loss_total": 44.97447967529297,
    "loss_goal_stage": 1.0902786254882812,
    "loss_goal_term": 0.8493039608001709,
    "loss_terminal_vel": 0.004561431240290403,
    "loss_wall_track": 7.0062336921691895,
    "loss_wall_collision": 35.33251190185547,
    "loss_control": 0.6915906667709351,
    "loss_corridor": 1.3596062053977676e-08
  },
  "context": {
    "avg_cost": 14.904304504394531,
    "success_rate": 0.8037109375,
    "wall_success_rate": 0.9970703125,
    "goal_success_rate": 0.8056640625,
    "collision_rate": 0.0029296875,
    "avg_abs_cross_error": 0.0813526138663292,
    "avg_terminal_dist": 0.11519978940486908,
    "avg_control_energy": 0.2929435968399048,
    "avg_abs_reconstructed_w": 0.00447604525834322,
    "loss_total": 14.904304504394531,
    "loss_goal_stage": 2.26692533493042,
    "loss_goal_term": 7.372786521911621,
    "loss_terminal_vel": 0.20693689584732056,
    "loss_wall_track": 0.40686067938804626,
    "loss_wall_collision": 2.8784663677215576,
    "loss_control": 1.7723088264465332,
    "loss_corridor": 2.049175600404851e-05
  }
}