{
  "nominal": {
    "avg_cost": 53.472137451171875,
    "success_rate": 0.1669921875,
    "wall_success_rate": 0.21875,
    "goal_success_rate": 0.80078125,
    "collision_rate": 0.78125,
    "avg_abs_cross_error": 0.46806031465530396,
    "avg_terminal_dist": 0.14102445542812347,
    "avg_control_energy": 0.0,
    "avg_abs_reconstructed_w": 0.0012190889101475477,
    "loss_total": 53.472137451171875,
    "loss_goal_stage": 1.3078513145446777,
    "loss_goal_term": 9.025565147399902,
    "loss_terminal_vel": 0.01513666845858097,
    "loss_wall_track": 7.200894832611084,
    "loss_wall_collision": 35.92268753051758,
    "loss_control": 0.0,
    "loss_corridor": 3.637321910332503e-08
  },
  "disturbance_only": {
    "avg_cost": 46.409053802490234,
    "success_rate": 0.21875,
    "wall_success_rate": 0.21875,
    "goal_success_rate": 1.0,
    "collision_rate": 0.78125,
    "avg_abs_cross_error": 0.4660727381706238,
    "avg_terminal_dist": 0.04439143091440201,
    "avg_control_energy": 0.14459602534770966,
    "avg_abs_reconstructed_w": 0.004522210918366909,
    "loss_total": 46.409053802490234,
    "loss_goal_stage": 0.9400897026062012,
    "loss_goal_term": 2.8410515785217285,
    "loss_terminal_vel": 0.0008163921884261072,
    "loss_wall_track": 6.847421646118164,
    "loss_wall_collision": 34.904869079589844,
    "loss_control": 0.8748059272766113,
    "loss_corridor": 1.1385980158706843e-08
  },
  "context": {
    "avg_cost": 14.849255561828613,
    "success_rate": 0.7880859375,
    "wall_success_rate": 0.9853515625,
    "goal_success_rate": 0.7978515625,
    "collision_rate": 0.0146484375,
    "avg_abs_cross_error": 0.05903176590800285,
    "avg_terminal_dist": 0.11301219463348389,
    "avg_control_energy": 0.3475164473056793,
    "avg_abs_reconstructed_w": 0.004522210918366909,
    "loss_total": 14.849255561828613,
    "loss_goal_stage": 2.2877116203308105,
    "loss_goal_term": 7.232780456542969,
    "loss_terminal_vel": 0.23108556866645813,
    "loss_wall_track": 0.3668781816959381,
    "loss_wall_collision": 2.6283082962036133,
    "loss_control": 2.1024744510650635,
    "loss_corridor": 1.7053476767614484e-05
  }
}