{
  "nominal": {
    "avg_cost": 53.804351806640625,
    "success_rate": 0.1875,
    "wall_success_rate": 0.236328125,
    "goal_success_rate": 0.7890625,
    "collision_rate": 0.763671875,
    "avg_abs_cross_error": 0.4670529365539551,
    "avg_terminal_dist": 0.13988958299160004,
    "avg_control_energy": 0.0,
    "avg_abs_reconstructed_w": 0.0011973859509453177,
    "loss_total": 53.804351806640625,
    "loss_goal_stage": 1.296659231185913,
    "loss_goal_term": 8.952933311462402,
    "loss_terminal_vel": 0.016426056623458862,
    "loss_wall_track": 7.323402404785156,
    "loss_wall_collision": 36.214935302734375,
    "loss_control": 0.0,
    "loss_corridor": 3.16991659587984e-08
  },
  "disturbance_only": {
    "avg_cost": 45.003807067871094,
    "success_rate": 0.244140625,
    "wall_success_rate": 0.244140625,
    "goal_success_rate": 1.0,
    "collision_rate": 0.755859375,
    "avg_abs_cross_error": 0.4603000283241272,
    "avg_terminal_dist": 0.012309150770306587,
    "avg_control_energy": 0.15320053696632385,
    "avg_abs_reconstructed_w": 0.004476045724004507,
    "loss_total": 45.003807067871094,
    "loss_goal_stage": 0.9440369009971619,
    "loss_goal_term": 0.7877856492996216,
    "loss_terminal_vel": 0.002874452155083418,
    "loss_wall_track": 7.006931781768799,
    "loss_wall_collision": 35.33531188964844,
    "loss_control": 0.9268631935119629,
    "loss_corridor": 1.1841010838509192e-08
  },
  "context": {
    "avg_cost": 16.92287254333496,
    "success_rate": 0.7666015625,
    "wall_success_rate": 0.9638671875,
    "goal_success_rate": 0.794921875,
    "collision_rate": 0.0361328125,
    "avg_abs_cross_error": 0.08061420917510986,
    "avg_terminal_dist": 0.11471235752105713,
    "avg_control_energy": 0.3321720063686371,
    "avg_abs_reconstructed_w": 0.004476045724004507,
    "loss_total": 16.92287254333496,
    "loss_goal_stage": 2.204615592956543,
    "loss_goal_term": 7.341590881347656,
    "loss_terminal_vel": 0.18861675262451172,
    "loss_wall_track": 0.6891342997550964,
    "loss_wall_collision": 4.489221572875977,
    "loss_control": 2.009640693664551,
    "loss_corridor": 5.254722782410681e-05
  }
}